{
    "a": {
        "value": "{b}",
        "type": "dimension"
    },
    "b": {
        "value": "{c}",
        "type": "dimension"
    },
    "c": {
        "value": "{d}",
        "type": "dimension"
    },
    "d": {
        "value": "{e}",
        "type": "dimension"
    },
    "e": {
        "value": "{f}",
        "type": "dimension"
    },
    "f": {
        "value": "{g}",
        "type": "dimension"
    },
    "g": {
        "value": "{h}",
        "type": "dimension"
    },
    "h": {
        "value": "{i}",
        "type": "dimension"
    },
    "i": {
        "value": "{j}",
        "type": "dimension"
    },
    "j": {
        "value": "10",
        "type": "dimension"
    }
}