{
  "index_0": {
    "value": "10px",
    "type": "dimension"
  },
  "index_1": {
    "value": "{index_0} * {index_0}",
    "type": "dimension"
  },
  "index_2": {
    "value": "{index_1} * {index_1}",
    "type": "dimension"
  },
  "index_3": {
    "value": "{index_2} * {index_2}",
    "type": "dimension"
  },
  "index_4": {
    "value": "{index_3} * {index_3}",
    "type": "dimension"
  },
  "index_5": {
    "value": "{index_4} * {index_4}",
    "type": "dimension"
  },
  "index_6": {
    "value": "{index_5} * {index_5}",
    "type": "dimension"
  },
  "index_7": {
    "value": "{index_6} * {index_6}",
    "type": "dimension"
  },
  "index_8": {
    "value": "{index_7} * {index_7}",
    "type": "dimension"
  },
  "index_9": {
    "value": "{index_8} * {index_8}",
    "type": "dimension"
  },
  "index_10": {
    "value": "{index_9} * {index_9}",
    "type": "dimension"
  }
}